create database BankingDB;
use BankingDB;
CREATE TABLE Customers
(
    CustomerID INT,
    FirstName VARCHAR(50),
    LastName VARCHAR(50),
    Email VARCHAR(100),
    Phone VARCHAR(15)
);

describe Customers;

CREATE TABLE Accounts (
    AccountID INT,
    AccountType VARCHAR(20),
    Balance DECIMAL(10,2)
);

CREATE TABLE Transactions (
    TransactionID INT,
    TransactionDate DATE,
    Amount DECIMAL(10,2),
    TransactionType VARCHAR(20)
);

CREATE TABLE Branches (
    BranchID INT,
    BranchName VARCHAR(100),
    BranchAddress VARCHAR(200),
    BranchPhone VARCHAR(15)
);

CREATE TABLE AccountBranches ( 
		AssignmentDate DATE
);

CREATE TABLE Loans (
    LoanID INT,
    LoanAmount DECIMAL(10,2),
    InterestRate DECIMAL(5,2),
    StartDate DATE,
    EndDate DATE
);

Describe Accounts;
Describe Transactions;
describe Branches;
describe AccountBranches;
describe Loans;

ALTER TABLE Customers
ADD DateOfBirth DATE;

describe Customers;

ALTER TABLE Customers
MODIFY Phone VARCHAR(20);

ALTER TABLE Accounts
ADD CONSTRAINT chk_MinBalance
CHECK (Balance >= 1000);

DROP TABLE AccountBranches;

ALTER TABLE Customers
ADD PRIMARY KEY (CustomerID);

ALTER TABLE Accounts
ADD CustomerID INT;
ALTER TABLE Accounts
ADD CONSTRAINT FK_Accounts_Customers
FOREIGN KEY (CustomerID)
REFERENCES Customers(CustomerID);

ALTER TABLE Customers
MODIFY FirstName VARCHAR(50) NOT NULL;

ALTER TABLE Customers
ADD CONSTRAINT uq_Email UNIQUE (Email);


#########################################
-- Add Primary Keys
ALTER TABLE Accounts
ADD CONSTRAINT PK_Accounts
PRIMARY KEY (AccountID);

ALTER TABLE Transactions
ADD CONSTRAINT PK_Transactions
PRIMARY KEY (TransactionID);

ALTER TABLE Branches
ADD CONSTRAINT PK_Branches
PRIMARY KEY (BranchID);

ALTER TABLE Loans
ADD CONSTRAINT PK_Loans
PRIMARY KEY (LoanID);

-- Add Required Columns


ALTER TABLE Transactions
ADD AccountID INT;

ALTER TABLE Loans
ADD CustomerID INT;


ALTER TABLE Transactions
ADD CONSTRAINT FK_Transactions_Accounts
FOREIGN KEY (AccountID)
REFERENCES Accounts(AccountID);

ALTER TABLE Loans
ADD CONSTRAINT FK_Loans_Customers
FOREIGN KEY (CustomerID)
REFERENCES Customers(CustomerID);

ALTER TABLE Accounts
ADD BranchID INT;

ALTER TABLE Accounts
ADD CONSTRAINT FK_Accounts_Branches
FOREIGN KEY (BranchID)
REFERENCES Branches(BranchID);

INSERT INTO Customers
(CustomerID, FirstName, LastName, Email, Phone, DateOfBirth)
VALUES
(101,'Rahul','Sharma','rahul@gmail.com','9876543210','1998-04-15');

INSERT INTO Accounts
(AccountID, CustomerID, AccountType, Balance)
VALUES
(201,101,'Savings',25000);

SELECT * FROM ACCOUNTS;

UPDATE Customers
SET Phone='9999999999'
WHERE CustomerID=101;

select * from customers;

UPDATE Customers
SET Email='rahul.sharma@gmail.com'
WHERE CustomerID=101;

-- Insert 4 Records into Customers Table
INSERT INTO Customers
(CustomerID, FirstName, LastName, Email, Phone, DateOfBirth)
VALUES
(102, 'Priya', 'Patil', 'priya@gmail.com', '9988776655', '2000-09-20'),
(103, 'Amit', 'Patel', 'amit.patel@gmail.com', '9876500001', '1995-06-18'),
(104, 'Sneha', 'Joshi', 'sneha.joshi@gmail.com', '9876500002', '1997-09-12'),
(105, 'Rohan', 'Kulkarni', 'rohan.k@gmail.com', '9876500003', '1993-11-25');

-- Insert 4 Records into Accounts Table
INSERT INTO Accounts
(AccountID, CustomerID, AccountType, Balance)
VALUES
(202, 102, 'Current', 40000),
(203, 103, 'Savings', 35000),
(204, 104, 'Current', 60000),
(205, 105, 'Savings', 45000);

-- Insert 5 Records into Transactions Table
INSERT INTO Transactions
(TransactionID, AccountID, TransactionDate, Amount, TransactionType)
VALUES
(301, 201, '2025-05-10', 5000, 'Deposit'),
(302, 202, '2025-05-11', 2500, 'Withdraw'),
(303, 203, '2025-05-12', 10000, 'Deposit'),
(304, 204, '2025-05-13', 3000, 'Withdraw'),
(305, 205, '2025-05-14', 7000, 'Deposit');

-- Insert 5 Records into Branches Table
INSERT INTO Branches
(BranchID, BranchName, BranchAddress, BranchPhone)
VALUES
(1, 'Mumbai Branch', 'Andheri, Mumbai', '0221111111'),
(2, 'Pune Branch', 'Shivaji Nagar, Pune', '0202222222'),
(3, 'Nashik Branch', 'College Road, Nashik', '0253222222'),
(4, 'Nagpur Branch', 'Sitabuldi, Nagpur', '0712333333'),
(5, 'Navi Mumbai Branch', 'Vashi, Navi Mumbai', '0224444444');



-- Insert 5 Records into Loans Table
INSERT INTO Loans
(LoanID, LoanAmount, InterestRate, StartDate, EndDate, CustomerID)
VALUES
(301, 500000, 8.50, '2025-01-15', '2030-01-15', 101),
(302, 300000, 9.25, '2025-02-10', '2028-02-10', 102),
(303, 750000, 8.75, '2025-03-20', '2032-03-20', 103),
(304, 250000, 10.00, '2025-04-05', '2029-04-05', 104),
(305, 1000000, 7.95, '2025-05-12', '2035-05-12', 105);

select * from customers;

SELECT FirstName, LastName, Email, Phone
FROM Customers;

SELECT *
FROM Accounts
WHERE AccountType = 'Savings';

SELECT *
FROM Accounts
WHERE Balance > 25000;

SELECT *
FROM Transactions
WHERE Amount BETWEEN 5000 AND 20000;

SELECT *
FROM Customers
WHERE CustomerID IN (101,102,103);

SELECT *
FROM Customers
WHERE FirstName LIKE 'R%';

SELECT *
FROM Customers
ORDER BY FirstName ASC;

SELECT *
FROM Accounts
ORDER BY Balance DESC;

SELECT DISTINCT AccountType
FROM Accounts;

SELECT *
FROM Accounts
ORDER BY Balance DESC
LIMIT 3;

SELECT *
FROM Transactions
LIMIT 5 OFFSET 2;

SELECT *
FROM Customers
WHERE Phone IS NULL;

SELECT *
FROM Customers
WHERE Email IS NOT NULL;

SELECT AccountID,
       Balance,
       CASE
           WHEN Balance >= 50000 THEN 'Premium Account'
           WHEN Balance >= 25000 THEN 'Standard Account'
           ELSE 'Basic Account'
       END AS AccountCategory
FROM Accounts;

SELECT AccountID,
       Balance,
       RANK() OVER (ORDER BY Balance DESC) AS BalanceRank
FROM Accounts;

SELECT TransactionID,
       Amount,
       SUM(Amount) OVER (ORDER BY TransactionDate) AS RunningTotal
FROM Transactions;

SELECT TransactionID,
       Amount,
       AVG(Amount) OVER () AS AverageTransaction
FROM Transactions;

SELECT *
FROM Customers
WHERE FirstName LIKE 'A%';

SELECT *
FROM Customers
WHERE Email LIKE '%gmail%';

SELECT *
FROM Customers
WHERE LastName LIKE '%kar';

SELECT *
FROM Accounts
WHERE AccountType IN ('Savings', 'Current');

SELECT *
FROM Transactions
WHERE TransactionType IN ('Deposit', 'Withdrawal');

SELECT *
FROM Customers
WHERE CustomerID IN (101,102,105);

SELECT *
FROM Customers
ORDER BY LastName ASC;

SELECT *
FROM Accounts
ORDER BY Balance DESC;

SELECT *
FROM Transactions
ORDER BY TransactionDate DESC;

SELECT *
FROM Accounts
ORDER BY Balance DESC
LIMIT 5;

SELECT *
FROM Customers
LIMIT 3;

SELECT *
FROM Transactions
LIMIT 5 OFFSET 3;

SELECT *
FROM Accounts
WHERE AccountType = 'Savings'
ORDER BY Balance DESC;

SELECT *
FROM Customers
WHERE FirstName LIKE 'S%'
LIMIT 5;

SELECT *
FROM Transactions
WHERE TransactionType IN ('Deposit','Withdrawal')
ORDER BY TransactionDate DESC;

Use BankingDB;
select * from customers;

SELECT
FirstName,
UPPER(FirstName) AS UpperCaseName
FROM customers;

SELECT
FirstName,
LOWER(FirstName) AS LowerCaseName
FROM customers;

SELECT
FirstName,
LENGTH(FirstName) AS NameLength
FROM customers;

SELECT
FirstName,
LEFT(FirstName,3) AS Initials
FROM customers;

SELECT
CONCAT(FirstName,' - ',LastName) AS FullName
FROM customers;

SELECT ROUND(1256.75) AS Rounded_Value;

SELECT CEIL(1256.25) AS Ceiling_Value;

SELECT FLOOR(1256.75) AS Floor_Value;

SELECT ABS(-2500) AS Absolute_Value;

SELECT MOD(25,4) AS Remainder;

select * from customers;

SELECT CURDATE(); 

SELECT NOW();

SELECT
CustomerID,
YEAR(DateOfBirth) AS BirthYear
FROM customers;

SELECT
CustomerID,
MONTH(DateOfBirth) AS BirthMonth
FROM customers;

SELECT
CustomerID,
DATEDIFF(CURDATE(),DateOfBirth) AS Days
FROM customers;

SELECT
    FirstName,
    DateOfBirth,
    IF(YEAR(DateOfBirth) <= 1995,
       'Adult',
       'Young') AS Category
FROM Customers;

SELECT
    FirstName,
    IFNULL(Phone, 'Not Available') AS PhoneNumber
FROM Customers;

SELECT GREATEST(
'2000-09-20',
'1995-06-18',
'1997-09-12',
'1993-11-25'
) AS LatestBirthDate;

SELECT LEAST(
'2000-09-20',
'1995-06-18',
'1997-09-12',
'1993-11-25'
) AS EarliestBirthDate;

SELECT
    FirstName,
    NULLIF(FirstName,'Priya') AS Result
FROM Customers;

SELECT SUM(Balance) as total_balance
FROM Accounts;

SELECT AVG(Balance) AS average_balance
FROM Accounts;

SELECT MAX(Balance) AS highest_balance
FROM Accounts;

SELECT MIN(Balance) AS lowest_balance
FROM Accounts;

SELECT COUNT(*) AS total_accounts
FROM Accounts;

SELECT 
    AccountType,
    SUM(Balance) AS TotalBalance
FROM Accounts
GROUP BY AccountType;

SELECT AccountType,
    SUM(Balance) AS TotalBalance
FROM Accounts
GROUP BY AccountType
HAVING SUM(Balance) > 25000;





